Workbook

Sheet Пример 1 - Риски
A1: № | B1: Risk event or condition (тригер) Рисковое событие или состояние | C1: Consequence (риск) Последствие | D1: Probability (Вероятность) | E1: Impact (Влияние) | F1: Risk Level (Подверженность риску) | G1: Risk Modification Plan (план по выходу из зоны риска) | H1: Probability (Вероятность риска после применения плана) | I1: Impact (Влияние риска после применения плана) | J1: Risk Level (Подверженность риску)
A2: 1 | B2: Кол-во негативных обращений на портал после вредрения выросло на 30% | C2: Уровень доверия клиентов к продукту уменьшится, что привдете к утрате пользователей минимум на 10% от уровня до внедрения системы | D2: 3 | E2: ='Пример 2 - Влияние '!I14 -> 2.5 | F2: =D2*E2 -> 7.5 | G2: 1. Перед началом разработки провести доп. анализ сущности обращений 2. Определить топ-3 проблемы, с которыми чаще всего сталкивается клиент 3. Внести в план разработки доп.аспекты для минимизации нагрузки по определенным критичным зонам | H2: 2 | I2: ='Пример 2 - Влияние '!I30 -> 1.5 | J2: =H2*I2 -> 3
A3: 2 | B3: Несоответствие разработанного и требуемого пользовательского интерфейса | C3: Заказчик (пользователь) предъявляет претензии по удобству интерфейса | D3: 3 | E3: ='Пример 2 - Влияние '!I15 -> 3 | F3: =D3*E3 -> 9 | G3: 1. Уточнение требований, 2. Прототипирование, 3. Анализ стоимости | H3: 2 | I3: ='Пример 2 - Влияние '!I31 -> 1.8 | J3: =H3*I3 -> 3.6
A4: 3 | B4: Проблемы в задачах, выполняемых внешними подрядчиками | C4: Соисполнитель проекта не выполнил задачу в срок, задержка сроков проекта, возрастание стоимости работ, ухудшение репутации, | D4: 5 | E4: ='Пример 2 - Влияние '!I16 -> 3.7 | F4: =D4*E4 -> 18.5 | G4: 1. Проверка контрагентов, 2. Подготовка макетов и прототипирование, 3. Мероприятия по формированию команды | H4: 4 | I4: ='Пример 2 - Влияние '!I32 -> 2.3 | J4: =H4*I4 -> 9.2
A5: 4 | E5: ='Пример 2 - Влияние '!I17 -> #DIV/0! | F5: =D5*E5 -> #DIV/0! | I5: ='Пример 2 - Влияние '!I33 -> #DIV/0! | J5: =H5*I5 -> #DIV/0!
A6: 5 | E6: ='Пример 2 - Влияние '!I18 -> #DIV/0! | F6: =D6*E6 -> #DIV/0! | I6: ='Пример 2 - Влияние '!I34 -> #DIV/0! | J6: =H6*I6 -> #DIV/0!
A7: 6 | E7: ='Пример 2 - Влияние '!I19 -> #DIV/0! | F7: =D7*E7 -> #DIV/0! | I7: ='Пример 2 - Влияние '!I35 -> #DIV/0! | J7: =H7*I7 -> #DIV/0!
A8: 7 | E8: ='Пример 2 - Влияние '!I20 -> #DIV/0! | F8: =D8*E8 -> #DIV/0! | I8: ='Пример 2 - Влияние '!I36 -> #DIV/0! | J8: =H8*I8 -> #DIV/0!
A9: 8 | E9: ='Пример 2 - Влияние '!I21 -> #DIV/0! | F9: =D9*E9 -> #DIV/0! | I9: ='Пример 2 - Влияние '!I37 -> #DIV/0! | J9: =H9*I9 -> #DIV/0!
A10: 9 | E10: ='Пример 2 - Влияние '!I22 -> #DIV/0! | F10: =D10*E10 -> #DIV/0! | I10: ='Пример 2 - Влияние '!I38 -> #DIV/0! | J10: =H10*I10 -> #DIV/0!
A11: 10 | E11: ='Пример 2 - Влияние '!I23 -> #DIV/0! | F11: =D11*E11 -> #DIV/0! | I11: ='Пример 2 - Влияние '!I39 -> #DIV/0! | J11: =H11*I11 -> #DIV/0!
A12: 11 | D12: 5 | E12: ='Пример 2 - Влияние '!I24 -> #DIV/0! | F12: =D12*E12 -> #DIV/0! | I12: ='Пример 2 - Влияние '!I40 -> #DIV/0! | J12: =H12*I12 -> #DIV/0!
A14: 1 | B14: Very low
A15: 2 | B15: Low
A16: 3 | B16: Medium
A17: 4 | B17: High
A18: 5 | B18: Very high

Sheet Пример 2 - Влияние 
K2: 1 | L2: Very low
K3: 2 | L3: Low
K4: 3 | L4: Medium
K5: 4 | L5: High
K6: 5 | L6: Very high
A12: Начальные значения параметров для оценки влияния
A13: № | B13: Risk | C13: Scope (объем) | D13: Quality (качество) | E13: Cost (затраты) | F13: Effort (Усилие) | G13: Duration (продолжитель-ность) | H13: Reputation (Репутация) | I13: Impact (Влияние)
A14: 1 | B14: ='Пример 1 - Риски'!B2 -> Кол-во негативных обращений на портал после вредрения выросло на 30% | C14: 1 | D14: 3 | E14: 4 | F14: 2 | G14: 1 | H14: 4 | I14: =ROUND(AVERAGE(C14:H14),1) -> 2.5
A15: 2 | B15: ='Пример 1 - Риски'!B3 -> Несоответствие разработанного и требуемого пользовательского интерфейса | C15: 3 | D15: 4 | E15: 2 | F15: 2 | G15: 2 | H15: 5 | I15: =ROUND(AVERAGE(C15:H15),1) -> 3
A16: 3 | B16: ='Пример 1 - Риски'!B4 -> Проблемы в задачах, выполняемых внешними подрядчиками | C16: 3 | D16: 3 | E16: 3 | F16: 4 | G16: 4 | H16: 5 | I16: =ROUND(AVERAGE(C16:H16),1) -> 3.7
A17: 4 | B17: ='Пример 1 - Риски'!B5 -> 0 | I17: =ROUND(AVERAGE(C17:H17),1) -> #DIV/0!
A18: 5 | B18: ='Пример 1 - Риски'!B6 -> 0 | I18: =ROUND(AVERAGE(C18:H18),1) -> #DIV/0!
A19: 6 | B19: ='Пример 1 - Риски'!B7 -> 0 | I19: =ROUND(AVERAGE(C19:H19),1) -> #DIV/0!
A20: 7 | B20: ='Пример 1 - Риски'!B8 -> 0 | I20: =ROUND(AVERAGE(C20:H20),1) -> #DIV/0!
A21: 8 | B21: ='Пример 1 - Риски'!B9 -> 0 | I21: =ROUND(AVERAGE(C21:H21),1) -> #DIV/0!
A22: 9 | B22: ='Пример 1 - Риски'!B10 -> 0 | I22: =ROUND(AVERAGE(C22:H22),1) -> #DIV/0!
A23: 10 | B23: ='Пример 1 - Риски'!B11 -> 0 | I23: =ROUND(AVERAGE(C23:H23),1) -> #DIV/0!
A24: 11 | B24: ='Пример 1 - Риски'!B12 -> 0 | I24: =ROUND(AVERAGE(C24:H24),1) -> #DIV/0!
A28: Оценка влияния после введения мероприятий по снижению риска
A29: № | B29: Risk | C29: Scope (объем) | D29: Quality (качество) | E29: Cost (затраты) | F29: Effort (Усилие) | G29: Duration (продолжитель-ность) | H29: Reputation (Репутация) | I29: Impact (Влияние)
A30: 1 | B30: ='Пример 1 - Риски'!B2 -> Кол-во негативных обращений на портал после вредрения выросло на 30% | C30: 1 | D30: 1 | E30: 2 | F30: 2 | G30: 1 | H30: 2 | I30: =ROUND(AVERAGE(C30:H30),1) -> 1.5
A31: 2 | B31: ='Пример 1 - Риски'!B3 -> Несоответствие разработанного и требуемого пользовательского интерфейса | C31: 2 | D31: 2 | E31: 2 | F31: 2 | G31: 1 | H31: 2 | I31: =ROUND(AVERAGE(C31:H31),1) -> 1.8
A32: 3 | B32: ='Пример 1 - Риски'!B4 -> Проблемы в задачах, выполняемых внешними подрядчиками | C32: 2 | D32: 2 | E32: 3 | F32: 3 | G32: 2 | H32: 2 | I32: =ROUND(AVERAGE(C32:H32),1) -> 2.3
A33: 4 | B33: ='Пример 1 - Риски'!B5 -> 0 | I33: =ROUND(AVERAGE(C33:H33),1) -> #DIV/0!
A34: 5 | B34: ='Пример 1 - Риски'!B6 -> 0 | I34: =ROUND(AVERAGE(C34:H34),1) -> #DIV/0!
A35: 6 | B35: ='Пример 1 - Риски'!B7 -> 0 | I35: =ROUND(AVERAGE(C35:H35),1) -> #DIV/0!
A36: 7 | B36: ='Пример 1 - Риски'!B8 -> 0 | I36: =ROUND(AVERAGE(C36:H36),1) -> #DIV/0!
A37: 8 | B37: ='Пример 1 - Риски'!B9 -> 0 | I37: =ROUND(AVERAGE(C37:H37),1) -> #DIV/0!
A38: 9 | B38: ='Пример 1 - Риски'!B10 -> 0 | I38: =ROUND(AVERAGE(C38:H38),1) -> #DIV/0!
A39: 10 | B39: ='Пример 1 - Риски'!B11 -> 0 | I39: =ROUND(AVERAGE(C39:H39),1) -> #DIV/0!
A40: 11 | B40: ='Пример 1 - Риски'!B12 -> 0 | I40: =ROUND(AVERAGE(C40:H40),1) -> #DIV/0!

Sheet СРС 1 - Риски
A1: № | B1: Risk event or condition (тригер) Рисковое событие или состояние | C1: Consequence (риск) Последствие | D1: Probability (Вероятность) | E1: Impact (Влияние) | F1: Risk Level (Подверженность риску) | G1: Risk Modification Plan (план по выходу из зоны риска) | H1: Probability (Вероятность риска после применения плана) | I1: Impact (Влияние риска после применения плана) | J1: Risk Level (Подверженность риску)
A2: 1 | E2: ='СРС 2 - Влияние'!I14 -> #DIV/0! | F2: =D2*E2 -> #DIV/0! | I2: ='СРС 2 - Влияние'!I30 -> #DIV/0! | J2: =H2*I2 -> #DIV/0!
A3: 2 | E3: ='СРС 2 - Влияние'!I15 -> #DIV/0! | F3: =D3*E3 -> #DIV/0! | I3: ='СРС 2 - Влияние'!I31 -> #DIV/0! | J3: =H3*I3 -> #DIV/0!
A4: 3 | E4: ='СРС 2 - Влияние'!I16 -> #DIV/0! | F4: =D4*E4 -> #DIV/0! | I4: ='СРС 2 - Влияние'!I32 -> #DIV/0! | J4: =H4*I4 -> #DIV/0!
A5: 4 | E5: ='СРС 2 - Влияние'!I17 -> #DIV/0! | F5: =D5*E5 -> #DIV/0! | I5: ='СРС 2 - Влияние'!I33 -> #DIV/0! | J5: =H5*I5 -> #DIV/0!
A6: 5 | E6: ='СРС 2 - Влияние'!I18 -> #DIV/0! | F6: =D6*E6 -> #DIV/0! | I6: ='СРС 2 - Влияние'!I34 -> #DIV/0! | J6: =H6*I6 -> #DIV/0!
A7: 6 | E7: ='СРС 2 - Влияние'!I19 -> #DIV/0! | F7: =D7*E7 -> #DIV/0! | I7: ='СРС 2 - Влияние'!I35 -> #DIV/0! | J7: =H7*I7 -> #DIV/0!
A8: 7 | E8: ='СРС 2 - Влияние'!I20 -> #DIV/0! | F8: =D8*E8 -> #DIV/0! | I8: ='СРС 2 - Влияние'!I36 -> #DIV/0! | J8: =H8*I8 -> #DIV/0!
A9: 8 | E9: ='СРС 2 - Влияние'!I21 -> #DIV/0! | F9: =D9*E9 -> #DIV/0! | I9: ='СРС 2 - Влияние'!I37 -> #DIV/0! | J9: =H9*I9 -> #DIV/0!
A10: 9 | E10: ='СРС 2 - Влияние'!I22 -> #DIV/0! | F10: =D10*E10 -> #DIV/0! | I10: ='СРС 2 - Влияние'!I38 -> #DIV/0! | J10: =H10*I10 -> #DIV/0!
A11: 10 | E11: ='СРС 2 - Влияние'!I23 -> #DIV/0! | F11: =D11*E11 -> #DIV/0! | I11: ='СРС 2 - Влияние'!I39 -> #DIV/0! | J11: =H11*I11 -> #DIV/0!
A12: 11 | E12: ='СРС 2 - Влияние'!I24 -> #DIV/0! | F12: =D12*E12 -> #DIV/0! | I12: ='СРС 2 - Влияние'!I40 -> #DIV/0! | J12: =H12*I12 -> #DIV/0!
A14: 1 | B14: Very low
A15: 2 | B15: Low
A16: 3 | B16: Medium
A17: 4 | B17: High
A18: 5 | B18: Very high

Sheet СРС 2 - Влияние
K2: 1 | L2: Very low
K3: 2 | L3: Low
K4: 3 | L4: Medium
K5: 4 | L5: High
K6: 5 | L6: Very high
A12: Начальные значения параметров для оценки влияния
A13: № | B13: Risk | C13: Scope (объем) | D13: Quality (качество) | E13: Cost (затраты) | F13: Effort (Усилие) | G13: Duration (продолжитель-ность) | H13: Reputation (Репутация) | I13: Impact (Влияние)
A14: 1 | B14: ='СРС 1 - Риски'!B2 -> 0 | I14: =ROUND(AVERAGE(C14:H14),1) -> #DIV/0!
A15: 2 | B15: ='СРС 1 - Риски'!B3 -> 0 | I15: =ROUND(AVERAGE(C15:H15),1) -> #DIV/0!
A16: 3 | B16: ='СРС 1 - Риски'!B4 -> 0 | I16: =ROUND(AVERAGE(C16:H16),1) -> #DIV/0!
A17: 4 | B17: ='СРС 1 - Риски'!B5 -> 0 | I17: =ROUND(AVERAGE(C17:H17),1) -> #DIV/0!
A18: 5 | B18: ='СРС 1 - Риски'!B6 -> 0 | I18: =ROUND(AVERAGE(C18:H18),1) -> #DIV/0!
A19: 6 | B19: ='СРС 1 - Риски'!B7 -> 0 | I19: =ROUND(AVERAGE(C19:H19),1) -> #DIV/0!
A20: 7 | B20: ='СРС 1 - Риски'!B8 -> 0 | I20: =ROUND(AVERAGE(C20:H20),1) -> #DIV/0!
A21: 8 | B21: ='СРС 1 - Риски'!B9 -> 0 | I21: =ROUND(AVERAGE(C21:H21),1) -> #DIV/0!
A22: 9 | B22: ='СРС 1 - Риски'!B10 -> 0 | I22: =ROUND(AVERAGE(C22:H22),1) -> #DIV/0!
A23: 10 | B23: ='СРС 1 - Риски'!B11 -> 0 | I23: =ROUND(AVERAGE(C23:H23),1) -> #DIV/0!
A24: 11 | B24: ='СРС 1 - Риски'!B12 -> 0 | I24: =ROUND(AVERAGE(C24:H24),1) -> #DIV/0!
A28: Оценка влияния после введения мероприятий по снижению риска
A29: № | B29: Risk | C29: Scope (объем) | D29: Quality (качество) | E29: Cost (затраты) | F29: Effort (Усилие) | G29: Duration (продолжитель-ность) | H29: Reputation (Репутация) | I29: Impact (Влияние)
A30: 1 | B30: ='СРС 1 - Риски'!B2 -> 0 | I30: =ROUND(AVERAGE(C30:H30),1) -> #DIV/0!
A31: 2 | B31: ='СРС 1 - Риски'!B3 -> 0 | I31: =ROUND(AVERAGE(C31:H31),1) -> #DIV/0!
A32: 3 | B32: ='СРС 1 - Риски'!B4 -> 0 | I32: =ROUND(AVERAGE(C32:H32),1) -> #DIV/0!
A33: 4 | B33: ='СРС 1 - Риски'!B5 -> 0 | I33: =ROUND(AVERAGE(C33:H33),1) -> #DIV/0!
A34: 5 | B34: ='СРС 1 - Риски'!B6 -> 0 | I34: =ROUND(AVERAGE(C34:H34),1) -> #DIV/0!
A35: 6 | B35: ='СРС 1 - Риски'!B7 -> 0 | I35: =ROUND(AVERAGE(C35:H35),1) -> #DIV/0!
A36: 7 | B36: ='СРС 1 - Риски'!B8 -> 0 | I36: =ROUND(AVERAGE(C36:H36),1) -> #DIV/0!
A37: 8 | B37: ='СРС 1 - Риски'!B9 -> 0 | I37: =ROUND(AVERAGE(C37:H37),1) -> #DIV/0!
A38: 9 | B38: ='СРС 1 - Риски'!B10 -> 0 | I38: =ROUND(AVERAGE(C38:H38),1) -> #DIV/0!
A39: 10 | B39: ='СРС 1 - Риски'!B11 -> 0 | I39: =ROUND(AVERAGE(C39:H39),1) -> #DIV/0!
A40: 11 | B40: ='СРС 1 - Риски'!B12 -> 0 | I40: =ROUND(AVERAGE(C40:H40),1) -> #DIV/0!
